0,0,0,0.305031675,-0.945532749,0.149144073,1.670732302,-1.562238425,0.96576622,0.664433174,0.343508508,0.23935614,-0.411034613,0.763032548,0.762136075,0.024429148,-1.344574657,0.620862305,0.178827552,-1.808717326,-0.634118103,-0.862480105,0.816872209,0.689652062,0.009911009,0.444226736,-1.642612404,1.066372567,-0.18400219,0.129280304,-1.948887213,-0.351675289,-0.990496461,1.355792912,-1.304544109,-0.214451807,0.355730546,-0.497015596,0.52893827,-0.622495961,-1.149523051,-0.295050673,2.642891575,-0.347922458,2.004018531,-0.164526919,0.016466918,1.295020494,1.939482225,0.70533182,-1.533793057,1.054824386,-0.169800331,-0.810244423,0.563521733,-0.441589146,-0.665154235,0.787725741,-0.72893988,0.515503904,0.540814372,-0.800175759,-0.924432266,0.923988784,1.319127521,0.419214817,1.703156115,0.274864539,0.854538073,0.497587158,-0.921760401,-0.976703232,-2.645032609,-0.055392742,0.287180146,1.364409111,-1.0418672,0.22303598,0.031710501,-1.059994783,0.162901812,-1.433192456,-0.044867529,0.361806682,-0.395161796,0.367729618,1.562126606,-0.59074311,2.089828593,-0.108060628,0.398398615,1.366812866,-0.578823861,-0.347363547,1.317578206,-0.122843006,-0.614339675
0,1,0,1.433592262,-0.533124704,0.661246927,1.654912735,0.468060462,-0.875014228,0.725052004,-0.104968537,-1.412740309,-1.888182628,0.862641958,-1.09462843,-0.315285754,-0.330626969,-0.856300912,-1.565774091,-0.098756754,-0.114046242,-1.503346212,-0.614815301,-0.801301983,1.190552691,1.219605299,-0.34149736,0.709215336,-0.227658432,0.307983975,-2.052447918,-1.127493715,0.572876083,-0.479406533,-0.988974019,-0.499934652,-0.707496068,3.529375646,-0.695976538,-0.691563716,-0.587972518,0.712412004,0.002798663,0.551113074,-1.51437199,-1.308761816,0.136452396,0.654041321,1.764088658,-0.178823079,-0.405677511,-1.202002902,0.789301789,1.168889536,0.12566983,-0.333387424,0.426901007,1.745827086,-0.166112318,0.129101631,-1.766746473,1.020078354,-0.14487882,1.410982723,-1.259467783,-0.995165843,-0.855358168,-0.195551955,-2.101020238,0.87282169,-0.583660228,-1.946881595,-2.278843035,-0.428275782,0.146308388,-2.566043844,-0.698272801,0.325190527,-1.116872805,0.014081116,-0.802576847,-0.619039257,-0.703568521,0.11151188,0.067581248,-0.21759302,-1.653958338,0.608917386,0.772470167,-0.617677057,2.200275216,-0.856382069,-0.446940018,1.6297733,2.632383016,0.495698374,0.132509406
0,2,0,0.021343294,0.303026025,-0.089024643,-0.043542332,0.731561101,0.447400715,-0.026567732,0.833518767,0.544624119,-0.411777255,-0.574993293,-0.807276484,1.592928059,-0.013474407,-1.382194791,-0.105779212,0.345406924,0.871304028,1.132264445,-0.189864343,-0.6481852,-0.124658433,-0.036728422,0.784152429,0.333563642,0.460380144,0.721800469,0.482584414,-0.465057296,0.103684194,0.924642395,0.413395144,-0.344975026,0.154370613,0.098818025,-1.038849266,1.087052308,0.396284497,-1.100074981,0.622205301,0.974152377,-1.421785472,0.045771131,-1.898571644,0.128386634,-0.058489805,-1.603282575,0.773846443,0.889377946,-1.821567107,0.096793617,0.539771297,-0.20101827,0.414845526,-0.741420543,0.869377443,-1.528785652,0.425861197,-0.091099788,-0.660272502,0.500984465,-0.332425772,0.092282966,-0.536764368,0.770158478,2.689587684,-0.24778619,0.473510404,-1.303796612,0.631844377,-0.056731862,0.627663801,-0.580586806,-0.868539543,2.014663054,-0.037793486,-0.791517081,-0.797554919,-0.489470604,1.845785088,-0.196376575,0.191038986,0.147682306,-1.498979831,0.04447397,0.26626639,-0.311756816,0.754303462,0.174752159,0.873849543,-0.303486204,-1.194817399,-0.899383901,-1.330532283
0,3,0,0.183770684,0.520243479,-0.143434589,-1.018931181,0.608559424,-0.120593466,1.361269485,0.667112498,0.767543604,-0.415349005,1.061228736,-0.009615684,-0.784541312,0.955872007,-2.192379693,-0.447535914,-0.637867121,-0.293389834,-0.062866333,0.095259479,-0.186470826,0.093497816,0.781782442,0.44012601,-0.562278431,-0.446059462,1.773120044,1.181082585,-0.745595037,0.341232283,-1.588686428,1.520886687,-0.140209205,-1.291678216,-1.427673556,-0.094962808,1.59302459,-0.310435723,0.184611244,-0.442386923,-0.671088496,-1.375595547,-1.682143346,0.028504917,1.789175129,-1.303017301,0.558040548,-1.519452957,-0.02716455,1.545854975,-0.578445981,0.326582606,-0.884044838,0.0023842,0.654199246,0.386494096,0.652211683,-0.101097935,0.271213516,-1.536784553,-0.514691935,-1.159519028,-0.833077974,0.983155443,-0.021275606,0.469427331,-0.208940521,-0.505533365,-0.60033568,-0.099468609,-2.587069069,0.232387452,-0.523435549,-0.375502092,0.602912345,-0.872957809,-1.713873572,1.095285629,-0.085263849,0.490403596,0.489242196,-2.540330441,-0.386673559,0.04023029,0.30891075,-2.041684433,0.089217682,-0.0537534,-0.451926684,0.071894492,0.699204612,-1.390306218,-1.263494102,0.203729232
0,4,0,-0.459873486,0.008492913,1.097877302,0.71587759,0.904009948,-0.716313484,0.184607717,-1.554947963,0.601752039,0.889279569,2.423508639,0.598575743,-0.690436668,0.065467558,1.818673524,0.654516455,-0.260559606,-0.136504057,-0.230999346,0.889965962,-1.706194937,0.222103621,1.755958965,-0.251463452,-0.637145416,0.199310985,-0.00947127,0.906704035,-1.879597518,-0.190731297,0.735245464,0.82059433,-0.429769129,-0.148748704,0.389961952,-0.511471546,-0.387160822,0.106957149,2.536475692,-0.288608363,0.983231916,-1.019427035,0.287462692,-1.554504315,0.232134165,0.122381177,-1.186690341,-0.188629828,1.043933986,1.038935068,-2.008688099,-0.074604714,-0.955167929,0.507586261,-1.56252666,0.792717977,0.395504255,0.493941986,-0.08576912,0.135908516,0.240580495,-1.320356063,0.034503737,1.02530319,1.421444592,-0.689767678,-0.434221908,-1.189312157,0.391957429,0.257817446,0.034234893,-0.989239409,0.58595494,-0.57227256,-0.228271121,1.521582985,-0.545083041,0.072208876,1.029159795,1.212178789,-0.257804438,-1.531473022,-1.182547999,-0.796875549,0.450828706,-1.041848294,-0.843182352,-0.861375061,1.136383376,1.201747882,0.242660274,-1.052331771,0.88815229,-0.71365639
0,5,0,0.852917589,0.043264077,-1.25103724,2.170910786,1.682222509,0.554252017,0.524860864,-0.135407723,0.186009132,0.656813748,-0.25589441,0.30421706,-1.018449326,-0.984663274,-0.150769499,-1.310999031,-1.060546754,0.671024264,0.31005293,0.454889468,0.6496839,-0.707483216,0.87342265,-3.035532617,-0.071430745,-0.001626172,1.347530739,0.681658472,-1.635888504,1.157187546,-0.543952981,-1.618351409,-1.322534216,0.742375431,1.218066642,0.50450468,-2.59336966,-0.262510563,-0.073589339,-0.641898483,-0.484524797,-1.460827608,-2.389195309,-1.201669409,-1.459494338,1.292067574,-0.484607827,-0.447913236,-0.1673466,-0.313818098,0.048566943,2.001411277,-2.209523998,0.045685827,-1.619902428,0.968323249,-0.216590995,-0.758524709,-1.512500369,0.489079312,0.90987464,0.989269873,0.64921517,-0.085800252,-1.351603232,-0.300557625,0.414243856,-0.036943544,0.650022432,1.439350098,-1.01613603,-0.438865757,-0.051632583,-0.324504222,-0.589065537,0.530695353,-0.32605799,0.526476716,-0.969214539,0.691343675,1.814376647,0.667208113,-0.148086243,0.014211199,1.413877415,1.446846379,0.418587406,-1.157290076,-0.497101765,0.565801416,-2.185926675,-0.382361778,1.638530662,-1.079303498
0,6,0,-0.471735864,-0.317827426,0.608684369,-0.568470472,-0.224825031,-1.907272806,0.3832095,-0.704047144,0.667859114,0.684902809,-1.195161448,-0.774279278,1.789607664,-0.000231348,0.491081294,0.715786683,-0.440843859,0.370946419,1.429914472,-1.65165638,0.235155216,-2.48220041,-1.647592043,0.837957352,0.016356228,-1.386468308,-0.140830279,-2.385897424,0.033122135,0.407614809,-0.324584947,-1.431391404,-0.140396803,0.570875742,-0.20273014,1.409141903,-1.331060967,-0.59477977,0.858694496,0.569878309,-0.64420466,-1.473806679,-0.83373432,-0.922454452,0.438448582,-2.089772781,-0.975495247,-1.144944489,1.018577978,1.674579856,0.404059659,1.012853572,-0.29963186,0.847121523,0.105143316,-0.513279631,-1.100206702,-2.353196925,-2.164378862,-0.575421164,0.051459002,0.385584707,0.565854475,0.555206856,0.12447475,0.897836395,-1.604522315,-1.378651245,2.486415603,-0.639693074,-0.583925278,-1.043445759,0.344828714,1.104361955,0.8183204,0.736197789,0.450213707,-1.589060911,0.368084959,0.46042996,-0.366803,-1.209217721,0.540372471,-1.49569932,-1.34522515,0.938423233,1.085430943,1.036087645,-0.198132585,0.565843927,-0.216412397,-1.44295092,-0.942570345,0.326670972
0,7,0,1.685909003,-1.174218694,-1.533746498,-0.500145758,-1.136182236,-1.125721702,0.567321027,1.171440273,-1.047689941,1.129186907,0.906807,0.218112401,2.037743384,1.498874427,-0.111684047,-1.561904263,-0.605199365,-1.894017314,0.570199048,1.238124639,-2.100252259,-0.901873918,-0.748427659,-0.15746438,0.560830748,-0.821788321,1.045506279,0.590080242,0.922234555,1.180335701,-1.709784572,-1.651593796,-0.26646843,-0.114162674,1.38757975,-0.071582952,-0.020813173,0.199917916,0.979650419,0.605738902,-0.912078894,0.94591964,-1.003242331,-0.961185091,-0.76072546,0.125435706,0.633876157,-0.202317867,0.307791541,-0.309892834,0.211582519,-0.516782892,0.916339583,-0.026253364,-1.094746461,0.755371037,0.957834941,1.855542797,1.805084069,-0.659078525,-1.646351819,0.121029336,0.780787838,-0.050770782,0.721019454,0.810267323,0.154989916,0.614209618,-0.556856769,1.216294191,-0.795169413,0.472981665,0.340947922,1.184157795,3.871717752,0.224144214,1.823268334,0.436570266,-0.962371565,1.005421731,1.413573626,2.350086952,2.023952789,1.268916443,0.391867995,-0.720960395,1.142530559,-0.741372614,-0.79382473,-0.771173419,-0.91203438,-0.014455423,-0.916712553,1.397457991
1,0,0,-0.435605586,0.005812908,-0.301560436,-0.582867287,0.588019888,0.314270114,0.980522753,-0.452171854,0.725565508,0.851533707,-1.453695859,0.743267506,-0.508985204,-1.302731948,-1.053354899,0.422502561,0.081109177,0.331031921,0.929339601,1.170318271,-0.191416694,-0.09027641,-1.408050961,1.616346693,0.972135321,-0.428449385,-0.366145699,1.940396019,-2.384481861,-0.974431112,1.183969135,-0.563855538,0.645290653,1.877320022,0.471402574,1.342905256,-0.004581592,0.887482504,1.604288409,0.090693774,0.412190088,-0.063829412,0.877317393,-0.280246483,0.087749872,0.382772178,-0.028798978,-0.239556316,-0.609737005,-1.448417718,-0.673735907,1.709554064,0.792424443,-2.860866978,0.581928613,0.712333058,-0.707656512,0.307967884,0.115789755,0.677562313,0.872216526,0.279180931,-0.676797887,-0.027167285,0.245613356,-2.198448828,0.398528999,-1.084498295,-0.67737354,1.341029609,0.955043934,1.317185356,0.813963117,0.167413035,0.929288337,-0.290517447,-0.401991628,-0.916984429,0.086144953,0.684764541,1.094646543,1.179522671,-0.050794609,-0.950441076,1.086418711,0.452829096,1.027086819,-1.459883314,-0.702862452,0.924529961,1.62029961,0.419246039,-0.058602016,0.612964521
1,1,0,-0.990323859,0.559439649,-1.158129084,-2.515356862,-1.581782104,0.418071193,0.387131836,1.11123779,0.776813863,1.028067664,0.386596991,0.942948281,-0.641763136,-0.857678447,-1.981372818,-0.746812736,1.113393686,1.612509069,-1.02083193,0.986662048,-0.11232694,-0.565161413,0.317548016,1.265533884,-1.378354924,0.351235769,0.525914635,-1.376205926,0.669728921,1.144294616,-0.000618711,-1.340669001,-0.22453538,0.51191497,-0.234824822,0.244329048,-0.194384508,-0.138975436,0.071048716,-0.122846248,0.384504592,0.667122551,0.865612001,0.744060749,-0.584425038,-0.041721952,-0.32278251,-0.559642725,-0.375086626,0.645017618,0.524627348,-1.152223367,1.980090893,0.81308618,-0.005583655,0.443068503,0.708819381,0.469990888,0.562194156,-0.023630939,-0.280787658,-1.146220857,2.022337414,-0.9436571,-0.235387338,-2.853274297,-0.06407411,0.635145282,0.886170375,-0.329087194,1.363734081,0.296721416,0.210329997,-0.273807597,-0.159804292,1.013708523,0.419885301,-0.07911556,-0.741585669,-0.215829738,-0.189748516,-0.574669951,1.376332662,-1.591636497,-0.902873208,-0.370933747,-0.619406136,0.001796762,1.802233628,1.378526949,-0.376780482,-1.21525997,-0.10174823,0.049986935
1,2,0,-0.863751231,0.323009514,0.782060341,1.032060772,0.067296465,-1.16291953,0.290614561,0.624702463,1.800983443,-2.140210288,0.337593753,0.645164036,0.152054282,-0.01919407,-1.715758324,1.069878569,-1.642723436,-0.356457017,-0.807288908,-0.638236653,-0.344386085,-0.783857513,0.036851186,0.358050676,1.09592085,-0.851861237,0.609345671,0.159429242,-0.966483703,0.273970235,0.104646251,-0.28452036,1.75836899,0.83325849,-0.304011625,0.211539075,-0.82932164,-1.820608262,-0.115344559,0.390142907,1.029847879,-1.442628215,1.108419321,0.903530135,0.953946573,0.017322005,0.921865482,-0.836038829,-1.153973887,-1.4848038,-0.873675686,0.213203906,0.915637346,-1.176157909,0.05177211,-0.736789115,0.405192315,2.639990644,0.098343451,1.115568881,-0.762307157,0.902847556,1.238632481,-0.59259257,-0.643059811,-0.12022915,0.203119368,0.736850583,0.826307005,-0.064283754,0.188525398,0.641120451,-1.593837845,1.148710398,-0.809896323,0.59653122,-0.246065549,3.249722805,0.511684866,-0.807104671,0.606882722,-0.186314654,0.672489392,0.096476433,-0.901463028,1.354836137,-0.605145906,-0.738023142,1.744236828,0.255145664,-1.197041862,0.790318617,1.109594925,-1.521295612
1,3,0,-0.208938356,-0.506885116,1.354542283,0.844613219,-0.827068086,-0.250513938,2.475271283,1.028269496,-2.596541833,0.428687409,-0.330517396,-1.408494551,-2.291886247,-1.016925199,0.411138701,1.966707737,-0.146432189,-0.964030367,-0.170370292,-2.082492968,-0.65498159,3.118115686,-0.550246449,0.772517223,0.176457937,0.923926522,0.166087816,-2.758423379,-1.987475331,-0.2781027,0.384380515,-0.710607499,-0.201735314,-0.204411225,1.850864061,-1.051644689,-0.951603737,1.290478201,1.318284159,-1.368759683,-0.192817268,-0.999797398,1.735935777,-2.191921901,0.490865963,0.928882559,-0.8885142,0.166748652,-1.084026448,0.159187642,1.263269334,2.090431421,-0.39039105,-0.766682983,-0.461947339,-1.05066692,0.819686888,-1.330962619,-0.096198223,0.688546941,0.575573784,-0.766725901,0.797553914,0.956923885,-0.578202474,-0.098829311,-0.838158812,-0.004282089,0.006441228,0.528683418,-0.170632736,0.626820445,0.86123092,-0.221438305,0.003677105,-1.287200564,-0.149490863,0.433273059,0.641189622,-0.701256592,-0.198316021,-1.211241847,1.351151863,-0.310984817,-1.128931062,-0.318811047,-0.500091174,0.308871224,0.221198602,1.169181658,-0.373498064,1.094415294,-0.659254241,0.405437946
1,4,0,-0.024237248,0.957842812,-0.37203271,-1.109214166,-1.022192264,0.41750316,-0.41130948,1.530135224,0.894656553,-0.840133279,-0.223343795,-0.110868731,-1.53336167,-0.152076552,1.17367471,-0.448765919,0.951098043,-1.943091039,0.061861266,1.044273735,-0.681477708,0.705992823,0.389112249,-0.464682896,-0.939047384,-1.352476605,0.554608212,1.165833899,-0.240967951,0.316459961,1.683051691,0.398780078,1.560253961,0.284791099,1.781171046,0.371567476,-0.638380296,0.331976488,-0.148017407,-1.159005464,-0.032932464,-1.676570947,-0.701871403,0.827643537,-0.167423032,0.330516162,0.035949971,-1.733791343,-1.259833172,-1.354663349,1.946862775,0.280587032,-0.904343676,0.287202021,0.027494964,-0.634869269,-0.310771306,0.69233327,-1.087184188,-0.524023688,0.654333057,1.435247253,1.89533895,1.005062699,-0.158452598,-0.744816944,1.249646094,-1.636209723,0.457553853,-0.203033371,-0.54513326,0.31390209,-1.066610475,-1.22814075,-0.384561012,-0.725456917,0.613833024,1.470713545,0.615345913,-0.560751142,0.152117058,-0.489923717,0.79042162,-0.738914704,-0.460076467,1.23006852,0.264902013,-0.787681511,0.112355319,0.764415084,0.562285342,-0.026867759,-0.463883774,-0.088901115
1,5,0,0.323081308,1.410445977,1.88803281,-1.344750841,-1.693625757,-0.893971818,0.007098248,-1.450999143,0.410132,0.378192338,0.49635489,1.938321646,1.12818779,0.568063419,2.093832759,-0.374387531,0.322104851,-0.137986088,-0.441113657,0.557111756,0.949927656,0.293874072,-0.739945314,0.741824017,0.976246147,1.251160186,1.500984623,0.296432287,-0.094649133,-2.339578477,0.41172581,0.017518676,1.259039972,-0.488919669,0.283574606,-0.629752703,-1.443806558,-1.235506764,-1.300235156,-0.220868768,1.822502475,-2.027401161,1.39559734,0.303348647,-0.43566347,-0.641202042,-1.177719725,-1.253178462,-1.049370964,1.135674055,-0.169171829,0.194581364,-0.008949643,0.700766217,-1.182021622,0.884357573,1.865318319,0.302325505,0.080300591,-0.584649251,-0.08980439,-0.278131518,-0.384968638,-0.557021752,-0.811806203,0.307911025,-0.455417311,1.366837993,-1.552275219,-1.429549993,-0.667774585,0.164272031,-0.206931412,1.191640075,0.455257503,-1.142783633,0.858366854,-1.319993846,-0.257090311,-0.378174166,-2.750487756,-1.201446501,-0.467274382,0.113116199,0.393577451,-0.212917666,0.685265104,-0.306141249,-0.68783175,0.167461311,0.824726825,1.179153431,-0.213491182,-0.005152345
1,6,0,-1.612909108,-0.881564564,-0.623996865,0.07046124,1.197073579,-1.708457849,0.62620449,1.789892708,0.191543402,-0.627256247,-0.435292074,-0.84554235,-1.020180864,-0.129603338,-0.787815897,1.012380966,-1.327487852,0.123268537,0.311068594,-0.603467445,-1.102911787,0.812479069,0.204331916,-1.366752504,-0.437046115,0.458354886,-0.282428281,-1.013096085,-0.501468112,0.014677017,0.722537738,-0.915587503,-0.971373472,0.230687002,0.578343118,-1.140034904,0.393168844,2.729791889,0.319898286,-0.854053356,-0.05950677,-0.81196208,1.72674084,1.835386538,0.590120707,0.576952025,0.448321463,0.370151958,-0.545231264,-1.076339001,-0.551752746,-0.049567001,0.773539722,0.100436732,2.189611009,1.802937467,0.553790435,-0.004150297,0.092904491,0.167621989,1.13991766,0.82928869,-0.860966755,0.275648882,-0.195016767,-2.640040035,-0.764316649,-0.353009179,-0.092054668,0.031564711,-1.686156184,-0.668723192,-1.560929285,-0.627406981,1.57641365,-1.864636768,1.684063578,-1.080468826,-0.57351917,-0.82960078,-0.202443747,-1.768720386,-0.975712023,-1.076828648,0.744226196,0.467814554,0.858526559,-0.092459141,-0.039116159,1.931958463,1.199539088,-1.016444311,0.019295677,-0.171219271
1,7,0,0.960778751,-1.495654438,-0.834491262,-0.592962113,-1.044072474,1.892249181,-1.12025939,-0.19919139,-1.111919399,-0.58613581,0.774259398,1.545889154,-1.038840054,0.729487736,-2.321206885,1.568274979,-0.860217118,-0.068382959,-0.729047528,0.142135407,-0.469785795,-1.385500892,-0.540426676,1.623426563,-1.399148256,1.451967924,-1.122798164,-0.747682525,0.120996733,0.017614674,0.497861368,0.859033615,-0.783383885,-0.555857652,0.302014427,0.812310618,-1.676085572,0.961344446,0.295872798,0.660768753,-0.736086415,-0.093220241,-1.31827596,-0.103922791,-0.645456879,2.478026691,-0.542365005,1.459798226,0.430267115,0.721261103,-0.619685248,1.140065976,0.23267829,-1.540057599,-1.74765456,-0.270319721,1.074077917,0.735306244,-0.817723614,-0.600274712,1.16356865,0.524342626,2.025876073,-0.198774622,0.976057998,0.234485144,0.369773925,0.187650798,-1.278271221,-0.893078599,0.5013041,-1.041355455,-0.692646627,-0.514459025,0.853200007,0.403064192,-0.028190349,0.402545302,-0.197285898,-0.79830637,-1.808797784,0.119324542,-0.32319351,-0.13304117,-0.794034098,-0.029031842,-0.828642778,-0.0349455,-0.465793241,0.313275242,-0.357497253,-0.336678843,-1.44771533,0.614887704
2,0,0,-0.286978557,0.07163945,0.39780965,1.869156641,-0.079426761,-0.987854967,-0.372591216,-1.043438637,0.152586218,-0.473721383,0.511152578,0.992460283,-1.110351233,0.150626063,0.639069008,1.04086351,0.191512381,1.816120778,0.598498456,1.202398753,-0.402290542,0.274539329,1.444017008,-0.522410385,-0.305183574,0.314131065,0.508418111,-0.409233621,-0.54590383,-0.280874979,0.460192105,-1.194511032,0.830431431,0.154858811,-1.87776319,-1.6658612,1.78635137,-0.130122446,-0.22428011,-0.207430438,1.710976201,0.178680584,0.004230319,-0.580345801,-1.80925228,-0.245825935,-0.24334559,-1.740899031,0.70724141,0.613155718,-0.491727504,1.654373198,-0.683700559,-0.724753831,0.321013708,-0.473390735,-2.079028843,1.150770686,-1.907499399,-0.536474754,-0.537167005,0.114261815,-1.210094951,-0.220240703,0.515233659,2.583144121,-0.242229327,-0.33687736,-0.916541077,-1.284568812,-1.781623996,-2.878162381,-0.189345769,-0.277905526,1.838338225,0.847156877,1.998107022,-0.270468317,0.644741588,1.550321807,-1.809259055,0.971427658,0.086782501,-0.385878623,1.320762731,-0.648314932,0.450569507,0.212189638,-0.909141534,-0.026853206,1.59483116,0.805253828,-1.489142247,0.480280676
2,1,0,-0.372075988,-2.190362385,-2.022752306,1.991459116,-0.441721967,0.159787511,1.128632893,-0.340126933,-0.427769618,-1.145066645,2.948270201,-3.200695649,0.595530451,0.136509559,0.472419776,-1.276165844,0.520659947,-0.24554284,0.651967922,0.850936801,-0.636925285,0.247480494,-0.366271396,0.311576752,0.116676023,0.167985983,-1.186666948,-0.630920428,-0.00192763,-2.331297193,-0.716566038,-0.275980852,0.576839956,0.194405667,-1.56304136,0.909347638,-0.740908057,-0.502399098,0.066656506,-0.781095431,1.449166803,-0.415453994,0.944825778,2.554462541,-0.542108121,0.843423233,0.567480179,-2.083412816,0.078989121,-0.837733269,-1.353230728,-0.220700606,0.983492127,-1.443634175,0.330449195,0.404576308,0.211703372,0.260722772,-0.341007469,0.425427,1.206714361,1.985741606,-0.688788274,0.203112263,-0.365786911,-1.732670016,1.940514837,-0.280786421,-0.097937279,-0.311722722,0.254230704,1.283739337,0.441664072,-0.306965271,-0.822268833,-0.609018734,0.792340152,1.523188509,0.788525008,0.945322876,1.10858606,0.515820157,0.137168228,-1.714740949,0.31432041,1.172465142,-0.233530259,0.582526304,0.076033923,1.41749545,-0.024814583,-0.418691973,1.661633502,0.316649751
2,2,0,-0.310279702,-2.281896687,0.437843392,1.706393086,-1.616151656,-1.886083842,1.506392299,-0.109194409,-0.472064373,-1.055103363,0.40127791,1.386755059,3.051260086,1.48851704,-1.227307368,-3.053709518,0.831056666,0.956546856,-0.593158439,-0.844155984,1.160414905,0.393766049,-0.10190386,-2.169768984,-0.320055139,0.286043429,-0.035538375,0.986111618,-1.741714494,0.537202396,-0.600790982,0.043753465,0.171001243,0.560356626,0.160676689,0.79395267,0.353628414,-1.568514222,0.460590421,0.693301894,0.674800006,-0.639492402,-1.070478537,0.843563936,-1.910523453,0.18375518,-1.590279608,-1.234438612,-0.754661341,-0.248808726,-1.939823433,0.311436248,-0.968793602,0.69050033,-0.778517271,-2.310443971,1.714502862,0.238379794,-0.19090817,-0.706946449,1.288779171,0.487481633,1.280411597,-1.244868889,-1.247678098,-0.03309711,-0.789364605,-0.692887114,-0.5878108,0.795697927,0.159946614,0.031029725,0.025724717,-0.466124921,0.609447217,0.457443781,0.12524479,1.202910277,-0.443228547,-0.990307442,1.106178564,2.741276827,-2.22528911,-2.416099061,-1.515297138,0.961842317,1.945382694,1.552866027,-0.360092339,-1.33038054,-1.449059398,0.299615552,-0.132196468,0.462481737
2,3,0,-0.889276938,0.187392738,-0.66496604,1.179214499,0.146076852,0.505876304,-0.71791783,0.027178744,0.550222504,-0.207824877,0.745419932,-0.705027501,-0.3459249,-0.776439558,-0.05237899,-0.034280703,1.741909911,-0.661960271,-1.306162125,0.429421577,0.522011888,-0.397335731,-0.209576971,-0.584869387,0.998358258,0.932180123,-0.201795143,-0.578657051,-0.872399795,0.045224126,1.178966176,0.336807559,0.847351302,0.048369006,0.076998267,-1.423494062,0.442452535,-0.489422577,-0.577886625,-1.726294768,-2.554473238,-0.133365139,-1.094252419,-0.759168454,0.86008378,0.086740601,1.114751727,0.170802226,-0.704158065,0.196466415,-1.265385429,0.127572878,0.697795072,0.299756832,0.887020663,-1.215729953,0.583677913,0.996370463,-0.802815616,-0.480359219,0.539592856,0.51363287,-1.499081105,-1.394733775,-0.583347562,0.76976492,1.853929506,-0.913969402,-0.303002387,0.445980303,-0.238936861,0.187395483,-0.800236291,-0.401930316,-0.442481221,-0.744115043,0.395075821,1.570924092,-0.219765992,0.409838862,-0.881383105,-1.649164329,0.319563418,-0.374599904,-0.666214768,-0.272299123,0.748565471,0.279610399,-1.219681403,-0.960876255,0.080714783,0.373906868,-0.740414934,-0.606734055
2,4,0,-1.299807889,0.744174075,-0.130544315,-1.509640348,-1.095660093,0.086783445,0.753199527,1.697353828,-0.110375724,-0.451136944,-0.834064036,-0.065548764,-0.123087267,1.88874452,0.574285362,0.148651605,-0.173118192,0.237683488,-2.803740178,-0.603388249,-2.155879599,0.703829015,1.433962326,-0.805680834,0.885706861,1.122581622,-1.090144786,0.452561763,-1.277943752,-1.357641979,-0.615942699,0.945326262,0.050514532,0.615233271,-1.120417281,-0.271649489,-1.548297884,-0.885731653,-1.265158151,0.636534709,-1.604981683,0.758525826,1.244483029,-1.165179649,1.030234629,0.992853765,0.349695133,0.306770528,-0.312588367,-0.068014795,0.151575002,0.083927601,0.395344496,0.051192182,-0.757403657,1.549391188,1.87945891,-0.094381309,-1.274354859,-1.216204826,-0.228238557,0.019237576,0.581427188,0.169626863,0.571009874,-1.547260024,-0.556875087,0.120653403,-0.974509877,-0.715061298,-2.119196107,0.708148518,-0.367260739,-0.741149649,-1.433651031,0.035740838,2.302076469,0.177410287,-0.146522068,0.50896722,-0.623863544,-1.470025007,0.261236972,-0.387941569,-0.604414526,0.553016451,1.663944421,-0.350895922,0.422857751,-1.338304509,-1.212990838,-0.202604853,-0.9616928,-0.412414232
2,5,0,-0.834716986,0.853187625,2.899963547,0.037928682,0.641067915,0.30198897,-0.187488982,1.512710951,0.080672625,1.232466222,0.100169011,-0.255653466,2.519799665,-0.709777504,-1.617766595,-0.448545748,0.075514475,0.822022321,-0.691489528,-0.081017268,-0.055720847,-0.473567269,1.178957818,-0.968638836,-0.153226463,-0.893409113,0.418938947,0.052432465,1.610552217,-1.964997318,0.018317063,1.34964893,-0.24281294,-0.379819061,1.094063416,-0.735527795,-0.637930287,0.632738807,0.666793091,0.2969163,-2.814664123,1.529119547,-0.572630019,-0.958913404,0.481094825,-0.341612881,1.295639785,1.298022381,-1.223847927,-0.477754494,1.602399531,0.834614488,-2.241132298,-1.182705498,-0.73915747,-0.619623015,2.049856442,-0.85898866,-1.903229344,-0.42505634,1.531514605,-1.236553675,-1.334872884,0.845836348,-0.707478489,-0.755290686,-1.003500926,0.188020761,-0.795029743,1.806771221,1.56762111,2.247584739,-1.760007259,0.077150261,-1.572943131,0.340831335,0.260322597,1.021349008,0.098044269,0.816824984,-0.103450638,0.841178921,0.150958026,-1.718299464,-0.002128854,-1.321621326,0.834082293,-0.234446194,-0.335830406,0.758689492,-0.30784395,2.150315174,0.62453483,-1.34902811
2,6,0,0.679963145,-0.456051827,0.050126254,-0.973492594,0.514769422,-0.721641935,0.746748894,-0.528246224,0.49405518,-0.160853201,-0.120835381,-0.040008975,0.233114909,-0.186661894,0.848492677,-0.082011418,0.305459096,-2.41078998,0.725146159,0.705739124,-0.783974434,0.574092627,-0.686622341,-0.773051363,-0.105547314,0.754853746,-1.089850013,-0.469539085,-1.223433378,0.878239447,2.080686591,0.959590601,-0.650060303,-1.571634704,0.047818222,0.734383195,0.055108884,1.333652225,0.044762419,0.05071803,0.59316812,-1.27041152,0.304364435,0.72232811,-0.407060323,-0.658844524,0.442902442,0.990621509,0.021688687,-1.123913216,0.332400815,-1.305109465,-0.231432134,-0.180739092,-0.071725433,0.753131603,-0.846936339,0.180752978,-0.08672221,-0.270422724,0.24419643,-2.84966224,-0.188324602,1.226458332,0.336610416,0.036043112,-1.060563833,-0.216418189,-1.146309416,-0.516166866,-0.928968778,0.740955541,-0.236553132,-1.086756798,1.118860655,-0.502562787,-0.114946555,-1.455108656,-0.221810275,-0.645157158,0.844636148,-0.445898786,0.098416151,0.230270991,-1.227891359,-2.178735271,-0.106728818,-1.116851166,-0.820083993,-0.760039402,-0.726554599,-0.108627996,1.623184158,-0.016953085
2,7,0,-0.160206077,0.955962033,-0.307497648,-0.698911068,0.473236042,0.137394605,1.255012434,-0.71007239,-1.386101675,0.109100847,-1.168879242,0.143213387,-0.592473754,0.205315404,1.192513132,0.579362066,0.151960106,0.144968815,-1.537334243,-1.163438586,-0.833837017,0.01083898,-0.746713176,0.43089298,0.534750619,-0.13425309,0.100844097,-0.613302916,2.025290669,-1.138259567,1.077707358,-0.431672981,0.750457233,-1.431958199,-0.548242194,0.553754629,0.961018712,0.061977791,-1.652382385,1.87761476,0.050255867,1.027696293,-0.007024109,-0.365044654,1.013609766,-0.216711733,-0.781263063,1.7396006,1.077933478,-1.858037196,0.377888237,0.38286907,-0.88299633,-0.934473804,-1.412163817,0.713491635,0.571916142,-0.844960341,-0.482370895,0.469537052,0.081026963,0.194959326,0.995234911,-0.748259468,-0.017790578,-0.7961886,0.002676914,-1.131400786,0.326603458,1.45303482,2.055546704,-0.669883902,-1.051523258,-1.147512014,-0.573833724,-2.663870559,-0.210224046,-0.608712071,2.171082466,-0.456431361,-0.196582702,0.841143319,0.651991043,0.518908707,-1.22533105,-0.367750474,1.468545221,0.028696494,0.028941292,1.092621352,1.996183453,-0.132852365,-1.85420601,2.022463368
3,0,0,-1.273337371,0.972665608,-0.849026464,0.426340788,0.575944933,1.694390541,1.068307706,0.502403092,-0.944548495,0.349447679,-1.531739329,1.200318246,-1.017009177,-0.273159968,-0.211281969,-1.005095594,1.155600482,-1.589594644,-0.093494576,0.45946388,0.53240038,0.935421484,-1.297974997,1.286232038,-0.2446461,1.174456239,-0.861877233,-0.033153605,-0.201525055,0.255785384,-0.758627524,-0.266056799,0.420200299,-0.240580555,1.166342143,-0.662477846,-1.406804391,-0.451584706,0.159972109,0.361776473,-1.905624033,0.18015322,-0.666970283,-0.513048098,-2.529765373,1.260556415,-0.147408887,1.047246252,-1.32400167,-1.439945821,0.047659,-0.157345611,-1.995298775,-0.758426253,0.471979432,0.524955568,-0.291449432,0.814527076,-2.025444623,-1.089335831,0.215565833,-1.015197006,-0.051507511,-1.202366212,-0.956729906,-0.007210568,-1.873706477,0.382126646,-0.057570753,2.540517361,-1.28227901,1.258182341,-0.800529144,0.812992636,0.543791769,-0.465269806,1.467108989,0.255895956,0.267504594,0.339886937,-0.07082851,1.252181139,-0.277342076,0.857918502,0.810173759,-0.492665787,0.533706141,0.062193307,0.476934432,-1.893830248,0.963558208,0.418321376,1.283622355,-0.861896827
3,1,0,-0.469617657,0.428822032,-1.947413469,0.116233094,-1.213517388,-0.976073716,-1.895046307,-0.370686073,-0.818852147,-1.921360532,0.26197744,0.28948629,0.251022044,0.097252867,1.262404467,-1.384800109,-1.188654377,0.090065717,0.073923621,-0.338163976,-1.380251509,1.376413022,-2.986764114,1.702962954,-1.464798647,-1.216601448,0.004286961,-0.192495935,-0.329329867,0.405946144,1.102806498,0.017359055,-1.279723524,0.180224003,-1.22638904,0.03707347,-1.237174129,0.676813084,-0.253121841,0.075440026,-0.673398896,-0.0821064,1.131545958,-0.164009705,0.207636531,-0.465363838,-0.945748972,0.962037864,0.8515757,0.743950183,-1.343893833,-1.034711802,0.506164647,0.374437824,-0.592217134,-0.075767887,1.344796833,0.350080449,0.310201681,-0.414965848,1.963304965,0.39321866,-1.397487717,-0.349940524,0.18947794,0.399679953,0.13652534,-0.48941605,0.919544613,-0.303924416,-0.1251258,1.352220082,0.057724279,1.05545857,-0.06953849,-0.72402956,-1.173398148,0.187197248,-0.140363757,-0.167541691,-1.568666808,-2.694182108,-0.053692918,1.698673093,-0.288595558,2.298830668,-1.018034999,0.188194164,-2.277135525,-1.243306115,-0.35935552,-1.303556557,0.922241656,0.39559286
3,2,0,-0.815884577,-2.075908906,0.461068893,-0.653122044,-1.466996697,0.265913282,-0.465947097,1.290086687,-1.142273126,-0.198511634,-0.431936163,-0.447364636,1.060518311,-1.518373274,-0.615235663,0.247011957,1.219872944,-0.786018646,0.301838281,-0.665187087,0.309418826,0.541322115,1.275691725,0.443287177,-0.123393716,-0.574446669,1.473498956,1.625677752,0.381363197,-1.938556145,-1.65419025,-0.944562462,-0.421692221,-0.402647957,-1.681395985,0.364838031,-1.477095512,-0.160587079,0.193631007,0.296502621,1.021431983,-0.95246459,0.587040127,0.120611229,-1.431968719,0.013796402,0.42124298,0.146568239,-0.637867465,-0.070667837,-1.252261807,0.486861759,-0.752035317,1.627800162,0.699028976,-0.260957088,0.582174713,-0.024531259,0.365377353,-0.348281365,0.110187785,-0.733045662,0.573033037,0.144286547,-1.451387179,-0.619573383,-0.069676927,-1.550453726,0.094450158,-0.136636158,0.599502467,0.522715406,-0.43869184,-0.288778528,-0.21348124,2.548884257,0.888727946,0.957432548,-1.245582767,1.554405159,1.238592791,0.967260888,-0.878229298,0.04381614,-1.821430988,1.536849793,-1.119955087,0.188458272,0.995700189,-1.204646684,-0.32573605,-2.231539666,-1.664474279,-1.896475728
3,3,0,-0.500410272,0.177494736,0.422539099,-0.76080318,0.106931269,-0.371838452,-0.686980023,-0.291653111,-1.204054203,-0.01922575,0.301483731,0.57602557,1.933662413,0.04350922,-0.866074942,0.518181846,-0.274841368,-1.77195547,-0.834631062,-1.945063934,0.372823535,-1.638423683,0.342494408,0.0781562,-0.966342977,0.729751594,0.544543141,1.125958415,0.740743413,-0.287771454,0.355018141,-1.236306328,-0.842508355,0.04809362,0.0620298,2.947975544,0.96119407,-1.351599577,1.462083906,1.063680002,0.465516312,1.801337627,-1.141758753,-1.353178668,-0.231214974,-2.427364635,1.554555008,0.43490177,1.32002842,0.651616249,-1.811350839,0.819787856,-1.137904061,0.607285751,-0.693634049,0.533477751,0.717192813,-0.159457932,0.193441618,-0.235269723,-0.411613001,-0.601607068,-0.581092064,0.86762274,0.309115388,0.380347165,-0.644862266,0.930121907,2.678618597,-0.869945167,0.112282078,-0.424660425,0.540361447,1.954618259,1.850841604,1.06184458,1.297342181,-0.420120941,1.322818949,0.471562337,0.49783514,-0.615898114,-0.862856311,0.493317212,-1.101640289,-0.377995439,0.275639866,0.289097749,0.463645521,-1.367604039,0.886928516,0.214968596,1.171854412,1.60235807
3,4,0,0.229251642,-0.558827673,0.536709313,0.177792329,-0.074954675,-1.260970024,-0.302226212,0.713829685,-0.000612601,0.842634786,0.756180514,0.800398757,0.005041236,0.421789284,-2.138204602,-0.587815581,-1.129043882,-0.169367656,0.399131171,-1.301478782,-2.30820748,-0.156899729,1.598715587,-0.631874517,-1.657689437,-0.356134421,-2.444436668,-2.479938637,0.356926229,0.436298979,-0.314919068,1.239351744,-0.488882032,0.190177146,-0.021073785,0.691402745,-1.492870686,-0.348011962,-0.718722106,-0.315321831,-0.631197072,0.202886307,-0.309288338,0.265564135,-0.373314647,0.402438826,-1.536359092,-1.566551867,0.34884583,2.471483101,0.299634258,1.32877165,0.802050513,-0.523818971,-1.579203931,0.836616487,-0.044688687,-0.141216293,-0.108468335,-1.052583971,-0.582568131,0.635771573,-0.477171357,-0.322437727,1.492012873,-0.4658453,-0.405158811,-0.689434634,-0.949231988,-0.725696392,-0.2086384,-0.698003158,-0.990124455,-0.525840556,0.181962224,-0.225240113,2.023960003,2.371775704,-1.156797974,-1.471144599,1.21027772,-0.486750438,-0.817446522,-1.526429587,-1.394995748,0.6197819,0.716942307,-1.401494137,-1.454881078,1.231796098,0.243839877,-1.049063286,1.407626459,1.333625217
3,5,0,1.126249543,0.723583401,-0.985500757,-1.097283906,-0.334360302,-0.394102608,1.136661796,-0.040009826,-0.523997031,1.11966674,-1.121934804,0.151376658,-0.049048979,-0.858004822,0.855358359,0.16529536,-0.183147719,-0.676344019,2.597917117,-0.835514849,-0.524125255,-0.386144806,-1.417084708,0.522039584,-0.51774508,1.077910897,0.131855029,0.374924189,-0.66173644,-0.245909442,0.12623577,1.442487114,0.190432122,0.535500841,0.449152408,0.397200534,-0.428179446,0.112028202,-0.256184997,-0.709036222,-0.557056241,0.156887928,-0.013894733,1.072902949,-0.660655987,1.012561696,0.253165326,0.266755393,-0.219259334,-0.034070049,-0.365383593,-0.470263391,0.219439195,1.145000569,0.348847385,-1.30744388,-1.965064527,1.029715342,-0.271903223,0.706750986,-0.185949074,0.742596362,-0.939947589,0.200699948,-1.56763018,-1.475686688,-0.399075959,-0.628018911,-0.93145117,-1.284404084,-0.315757718,1.294070597,-1.853738625,-0.502234116,0.325991463,1.055011319,-1.479502357,-0.244742788,0.402535539,-0.737550347,-1.393954152,0.834447141,0.451746776,-0.995634254,2.048616,0.797131935,0.804836411,-0.218260021,0.011814593,-1.044402007,-0.167217805,-1.274042213,-0.328942122,0.521097023
3,6,0,0.028328841,1.314148503,0.886382633,-0.802973831,-1.93975099,0.907455822,0.418802498,-1.479441569,-1.1045484,0.775174163,0.626418036,-1.024168714,0.151256395,1.191499153,1.884706743,1.86811426,0.817852499,-1.694866204,-0.989561631,1.089797091,-0.899603861,0.010069156,-0.851183588,-0.586999105,0.208191213,-1.862992702,-0.641262054,-0.399305968,0.076967153,-0.493786395,-0.199337385,0.133969289,0.415759872,1.085423764,0.899129229,-0.213851514,0.506980269,-1.250969413,-1.068836542,-0.165127824,0.120678635,-1.590719619,-0.620406128,-1.392204725,-2.715022277,-2.497780758,0.528599707,1.293784353,0.066387069,0.073948767,0.092113047,-0.12914663,-2.166122184,-0.077248263,0.041551258,-2.016912003,-0.407938822,-0.799057801,-2.38731589,-0.763062884,0.96513487,0.287868677,-0.850998388,-1.836626542,0.868431939,0.261854362,-0.048950064,-0.624003836,-1.019176987,-2.009064641,0.425542911,0.529584626,-0.958592522,-1.497811671,1.678505206,-0.377780082,0.599591087,1.679308513,-0.5302469,2.079907745,0.874343833,-0.459046547,0.403449768,0.714087297,-2.012001233,-0.550017517,-0.525322543,1.308856247,0.442560544,0.183822232,0.28886166,0.064756781,-0.67674761,-1.709251081
3,7,0,0.339139103,-0.164399267,-0.891658012,0.375281362,0.478048972,-0.603023227,-1.874742267,1.097766836,1.061561037,0.421997248,-0.5092394,-0.000769404,1.42640543,-1.947172484,-0.30053819,-1.212311351,-0.45416635,0.578994691,0.301386882,-1.515965873,0.118446001,-0.561748468,1.246558802,2.263229245,1.369922284,1.458967909,-0.295339513,0.560359116,-0.59777472,0.741906092,0.452010948,2.754442693,1.30812643,-0.78433559,-1.460594489,-2.219750933,1.464306061,-0.598534179,-0.118336805,0.728874229,-1.3196739,-1.199577391,-0.445557196,-0.801558285,0.268086021,-0.107076275,0.987190674,-1.161143227,0.403482434,1.462346631,-1.907506209,-1.373186261,1.869638205,-1.796214025,0.770372069,1.276421356,0.362179989,-0.587043725,0.71086143,-0.390746499,0.280507927,-1.067986931,-0.039340643,1.467013431,-0.18903158,0.695784148,-1.202464396,-0.200919454,0.826673178,0.066316401,-0.209386274,0.131004709,0.246683343,-0.810568171,0.573950359,0.746215914,1.266264952,1.447593744,-2.007377292,1.980318566,-0.660266867,-0.318527077,-0.048761502,0.642764536,-1.019750916,-0.507988011,-0.866084642,-1.023943922,-0.286917487,0.575210153,0.564920305,-1.404450447,0.68643445,-0.726942885
4,0,0,-1.720845986,-0.238397003,-1.050021845,-0.577812289,0.163995965,0.209506771,2.274688262,1.089271095,0.793846943,-0.246024899,0.186266223,0.726459858,-0.076067529,-1.261061704,-0.43410001,-1.093890132,-0.776291436,-1.256591116,1.652185672,0.061971654,0.280579657,1.472571286,0.124200595,0.32206132,1.398922407,1.045145909,-0.36342761,0.205681054,-0.864920101,1.106605587,-1.696739358,-0.301325094,0.14201385,-0.403838208,0.161620834,-0.036199969,1.316426202,-0.069408263,1.380337588,0.719539261,1.017764674,-0.143517224,-0.580445628,-0.398617217,-0.063404723,1.618270572,-1.907172233,0.350844092,-0.596874622,2.830496498,-0.868940595,-0.833158683,-1.754142273,-0.658522561,-0.573613314,-0.936422853,0.541439699,-1.227831732,-1.786081861,-1.166555056,-0.367535159,-0.554016597,0.549204013,-0.505604249,-0.481003243,0.191893522,-0.894433407,1.651691217,-0.273823317,0.527122907,0.161940244,-0.518925581,0.122499601,-0.318251714,-1.023335486,1.191603235,0.222231649,0.641965812,-0.487234401,-0.550635133,-0.208050647,0.152404839,-0.050068033,-0.556301313,-1.160177913,-0.73421147,-0.053889383,-0.199041762,-0.576662904,-0.137307594,-0.968940912,-0.037835972,0.637721126,1.736653099
4,1,0,1.647514804,0.433651564,1.267879332,-0.969363482,0.737493244,1.324665788,0.882970901,-0.660890763,-0.000247633,0.523436724,-1.974755725,0.252098009,-0.389399353,-0.971968843,-0.887709201,0.819373375,0.779180553,-0.161286593,0.417217951,-0.21309872,0.899222176,0.421639606,0.562578213,0.183635246,0.382185376,-0.682601711,-1.288202966,0.062392753,-0.762456,-0.498524589,-0.090277433,0.364453555,1.374759313,0.001296343,1.451769669,0.755553524,1.652913888,0.910311667,-1.909556318,1.344362163,0.627390826,-0.192809778,-0.670650196,-1.530143993,-0.227356225,0.030229725,-2.211541488,0.35584791,-1.15544856,-0.492568735,-0.386194677,1.027158969,-0.33165277,-0.064130926,-1.379229171,1.152483133,-0.834873453,-0.463178517,-0.959082718,0.02202393,-1.905923178,0.86836768,1.510462438,0.724501388,-1.455749523,1.047169465,0.562894614,0.912629126,-0.155086308,-0.951551754,-0.185908342,-0.676819711,0.234630424,-0.623213428,0.030916696,1.82823539,-0.289249986,0.208426063,-1.266015958,-0.13515124,0.396512684,0.010606075,-0.342579679,0.418695578,-0.175804751,0.676309839,1.577688038,-1.024588667,0.254754474,-0.517645367,1.566879325,-0.541083367,0.064461464,0.393604112
4,2,0,-0.709925697,0.443220867,-0.939397241,1.710001314,0.459695197,-0.090867434,-0.375517421,-2.582530574,0.46396541,0.295308698,1.048720227,1.482122788,-1.855936049,1.491109085,-0.071302219,1.444108475,-1.181296261,1.424870692,-1.899484487,0.166404309,-0.56650836,0.343822833,-0.828458557,0.875240304,0.779519255,-1.644617959,0.15400026,0.486231675,-0.224236041,0.002034242,-0.486953697,-0.874201957,-1.310103638,2.40384939,0.039591985,-0.704743906,0.020256245,1.850370673,0.075936292,1.693644654,0.470241285,-0.982891539,-0.855991872,0.028556724,1.77399027,-1.710271045,0.220920675,-0.39439541,-0.901019545,-0.106891119,1.047224685,-0.604192034,-0.053847441,-0.740437137,-1.246474347,0.866355702,-0.434115686,0.545203572,-0.756409174,1.157937709,0.749268702,-0.518990287,-0.306413366,0.208887752,0.049043078,-0.882220084,-0.769911857,-1.936180901,-1.30250445,-0.432703819,1.250451973,-0.450028692,1.636775658,-0.282208291,0.083421156,1.228091007,2.84653123,-0.436617205,1.075676904,-0.955326334,1.119068438,0.684705166,-2.123553258,-0.358955336,-0.981707497,-1.6396267,-0.299164782,1.825545631,1.813040725,-0.355157698,-1.736629599,0.24524291,0.979460595,0.025361497
4,3,0,0.316722811,-0.526848354,-0.13458495,-0.68820222,0.648008126,-0.371778528,-0.378531415,-0.687559413,-1.205297224,-0.851501522,0.203021926,-1.129267113,-0.708290607,0.864665405,0.431387128,-0.462480502,-0.492895312,-1.313897162,-0.544081352,-1.710000641,1.773512296,-0.95603346,1.65835517,-1.378239365,-1.350490245,-0.309782104,-1.199673215,-1.02475273,0.721604578,-1.105494824,-1.871719007,-1.343134303,1.322633935,-0.098606455,0.069705332,0.966481897,0.320726446,-0.852269017,0.554210713,0.788565114,1.004595026,-1.330492764,-1.022944996,0.863635512,1.28210139,0.138592083,-0.04289428,-0.507375156,-0.442992701,-0.66221318,0.217818003,1.448807617,0.268651011,0.747458611,-1.122097509,0.607026794,0.611167474,-0.530022822,-0.259272846,-0.783962088,0.916653885,0.539790252,-1.807290083,-2.214052594,-0.727456623,-1.103916227,-0.233957619,1.101566611,0.142021134,1.985187693,-0.821061059,1.245329566,-1.060579475,0.310016598,-0.106362611,-0.434232711,0.695454762,0.94366501,-2.460655867,0.971930343,1.760497105,-0.360581763,-0.320539961,1.032611386,-2.121648821,-0.487444025,1.235893645,-0.198077901,0.412971528,2.154753911,-0.049250384,0.463913345,-1.961168554,-0.933543972
4,4,0,-0.984095955,-0.164132953,-2.026775849,-0.923203478,-0.999225463,-0.16736221,0.212943089,-0.198766964,-1.477215382,0.015416978,0.312444836,0.282522978,-1.147395718,0.47336159,0.227357623,-1.615074512,-0.26493306,-0.859045275,-0.394069531,-1.188754684,0.741627942,-1.108055665,0.34683229,0.831884752,0.245390428,-0.306894438,0.689561916,0.118355758,-1.195708003,-0.750334472,1.277475353,-1.434079967,-0.543084355,1.693457923,-1.833632903,-0.508910906,0.458540523,1.848677322,1.248406839,-0.816232018,0.223989097,0.22586919,-0.007021632,-1.275992392,0.765534317,1.650837181,-0.253280426,-0.579652814,0.684390386,0.35734544,0.047787329,0.757905532,0.792212443,0.197426835,2.374866504,0.012340082,0.774265369,1.374166193,-0.956136085,-1.199831653,-1.712765915,0.568961516,0.926713623,1.311461463,-0.703207566,1.013698458,0.132217683,-0.39864364,0.085659388,1.079533361,-0.623880465,1.193831316,-0.371601123,-0.112526979,-0.240662892,-0.606041894,1.363668997,-1.209810993,-1.085280272,-0.023430159,-0.73016409,1.019813478,-0.095153955,-2.338017729,1.15179187,0.235736503,-1.035337526,1.124961745,-1.628950044,1.36004226,1.965714734,-0.026988415,-1.328635359,1.794778849
4,5,0,-1.602986602,1.332192775,0.767876444,-0.016280519,0.660914663,0.669719809,-1.239201691,0.946257051,-0.206376544,0.383800752,-0.458602501,1.83088129,0.727014994,0.079743756,-1.333902004,0.669104229,-1.856304224,1.391698902,0.119455348,-1.191828301,-1.361696862,-1.083801109,-1.216683319,-1.339242257,1.07563315,0.276646655,-0.379698005,-0.462955577,-0.130323178,0.92873564,1.119351279,-2.57171385,1.168516305,-0.135345628,0.314727311,-0.442936688,0.39382661,-0.78773358,0.30238668,-0.533021211,-2.292362126,-0.076520214,1.178805609,-1.417199828,-0.746053313,-1.206221014,-0.677883569,0.115044429,0.362274543,1.529921502,-0.034563758,0.903961595,1.007812312,0.42063405,-1.123645876,0.961866053,0.877729427,0.239827899,-1.036267521,1.397425479,1.272988495,-0.46151457,-0.146693701,-1.281703668,0.671459203,0.99980493,0.133833022,-2.351532833,-1.249186293,-0.330318865,-0.835844999,-0.385078308,-1.381908032,0.061093148,1.086812122,-1.021860066,-1.409100662,0.857045947,-1.474892951,1.426144266,1.659209332,-1.282843132,1.25413058,-1.927399848,1.190074098,0.663637455,-0.242311663,0.220661104,-1.302715887,-0.404573334,0.855963407,0.975443498,-0.808188728,0.439961565
4,6,0,-0.212790335,0.068326636,-0.490731224,-0.438947991,-1.318187152,-0.37721033,0.626284211,0.018417337,-1.254264296,0.11153214,0.467074832,1.379526001,-2.518879332,0.715293723,0.16960899,-0.565127892,0.230730487,0.794147788,0.0899048,0.956566221,-1.884952821,1.1582301,0.166619042,0.897817037,-0.027664313,-1.255950801,-0.975756359,-1.181537219,-1.138146463,-1.485888658,0.287509185,1.074807873,1.666911214,0.642411955,-0.439223124,1.661275266,0.647247576,-0.547638948,-2.48735564,1.148004346,0.079319198,0.446834242,1.025823699,0.375244044,-0.156854301,1.240813086,-0.336803969,0.325740807,-0.51428639,2.064856373,0.432064086,-0.751428063,0.387473046,-0.862591809,0.887627009,0.2362193,1.719837196,1.655303608,0.631199545,-0.36875199,0.21571447,-0.58426936,0.312971926,-1.832806197,-0.262931572,0.63004868,0.293405839,0.278897658,1.135978745,-0.570902882,0.028615634,0.607737869,-0.38704141,0.093790853,1.460065913,-0.841409452,0.190265915,-1.569786949,-1.110630412,-0.795139607,-0.636406073,-0.973107661,0.321264307,-0.250827266,0.48784112,0.484491049,-1.644521754,0.112349437,0.511660812,0.864861785,-1.435310273,0.581199608,-0.137622083,-0.387126292
4,7,0,0.620126111,2.396960416,-1.002349618,-0.093100143,-0.113789759,0.719201033,-1.146802001,0.238519944,-1.027462653,0.860198811,-0.262726488,0.068206966,1.420481568,0.088531629,-0.041153333,-0.951679122,0.199311142,0.001622801,-2.069619888,0.640840428,1.290669986,-0.922902601,-1.109709009,0.472920124,-0.282600975,1.542381763,-0.131535167,0.743198484,0.341801127,1.154202092,-0.874356643,0.992864273,-0.02379305,-1.101878378,-0.49370559,0.470606333,1.38147921,-1.498985676,1.367529275,0.025034238,-0.754612037,1.933313967,1.297456243,-0.12922855,1.483789837,0.183330524,-1.102286208,0.506205865,-1.269417859,0.275067722,-0.832069481,-0.151461479,-0.3851007,0.92113999,-0.186265532,0.775118828,0.724536327,-0.597015751,-0.064668538,-1.799390267,-0.516705647,-0.869660921,0.069942156,0.599250647,-0.5617572,0.299223013,0.08277194,0.410390386,-0.325960064,-1.637875058,-0.279223953,1.024762906,-1.11580705,-0.510888869,-1.254574683,0.347273067,-1.689335469,2.229618884,-0.112930317,0.188867385,0.232732376,1.666209958,-0.091182913,-0.287061216,3.14956351,0.482552561,-2.514372814,-1.746661986,-0.462700729,2.062385169,0.19193157,0.775457322,0.002165169,0.900856869
5,0,0,1.034802495,-1.442256949,1.36260987,-0.887587643,1.423949522,-1.403730591,0.836606553,1.19159313,-0.325498446,-1.543786219,-0.089755589,-1.141986609,-0.17553926,-0.129080775,-0.587286648,-1.308304661,0.62528979,-1.122628769,-1.631022045,-0.505293411,-1.799734319,0.335797025,0.300526255,-0.342420035,0.73982801,0.465273258,0.684865129,-0.138554036,1.355489318,0.571250707,-0.466247691,0.525762072,-0.946371347,-0.1266063,1.84761047,-1.31723835,-0.315117914,1.247052488,0.637867294,0.57952031,-0.204168682,-1.13946562,1.768447431,-1.260556202,0.316213894,0.368777362,-0.975266411,0.341007241,-1.578152981,0.104732807,-0.120013039,0.345546812,1.052919165,1.665015071,3.061525369,0.514534683,0.38654221,-0.679949853,-0.452157057,-1.435584097,-0.959858693,-0.31578762,0.080971893,-0.946375861,-0.956653904,0.310970731,0.738557855,-0.362466897,-0.504798083,-0.482052065,-0.839195004,-0.197364792,0.143074361,-0.146742265,0.320944705,-0.356596053,0.309611219,-0.484171363,0.181876129,-0.248628603,-0.228517349,-2.02882503,-1.172604052,0.732267055,0.06373324,0.304374057,0.380473694,1.451621996,-0.41357421,-1.029169143,0.311669675,0.726217208,-1.237544346,-0.575699221
5,1,0,0.196845965,-1.141048551,0.563159601,0.081529975,0.72513552,-0.263604303,0.152534741,-1.622877156,0.777489343,0.669654543,1.549418682,1.027211945,0.954609813,1.464349935,1.24100782,0.634197652,-0.024636228,1.394524027,0.047663842,-1.988097414,-1.943670083,-1.708849126,-1.143800351,-2.222209022,0.211461564,-0.732616459,0.305719476,0.816839954,-0.098600122,-0.350998601,1.117509591,-2.252019644,-0.385909821,2.268993803,-0.337784874,-0.419960503,0.90832441,-0.302679055,0.924673129,-0.452036875,0.076846408,0.910935355,-0.931906038,-0.978417861,-0.875173258,0.613903894,2.410424322,0.493733203,-0.101272712,-0.420969094,-0.944294144,-0.128504583,0.031039905,-1.361531609,-0.889593387,-2.301981042,0.144554692,-0.208245199,-0.790505877,0.007740253,0.233697389,-0.608667316,1.101913911,-0.014851348,0.422677331,-0.771002105,2.600146485,0.745849167,0.848724089,1.197829451,1.536316728,1.324035326,-0.378515063,0.621484415,0.879001347,-1.85960648,0.138725031,-0.972367491,1.892018806,-0.372107422,-0.343877989,-1.437570762,0.577205241,-1.198748248,0.954534679,-1.028897975,1.049305032,1.789366483,1.246210164,0.25227438,-1.566579545,-1.702536638,1.551760566,1.465860086
5,2,0,-1.206773745,1.794512767,-0.275514346,2.135809809,-0.311039013,0.577856965,-1.067855057,1.263175462,0.630504579,-0.004529474,-0.66230135,-0.974789149,1.517188769,-1.242133443,0.146791427,0.348871473,-1.015647098,-0.458246408,2.007899341,1.588705717,-0.269299779,0.105470545,0.204464314,1.484312712,-0.849237726,0.028997612,0.816969666,0.338892444,0.301092978,1.060352873,0.111889621,0.353827116,1.205009289,-0.60542856,2.665176929,-0.75560859,1.407571848,-0.362856866,-1.244003017,0.802340316,0.579418414,-0.246494953,0.485715839,0.947549474,-1.070711174,1.110471994,0.60401367,-0.679624087,0.25708844,1.089415367,-1.15417121,0.963832324,-1.338615276,-1.390406808,-1.379514129,-0.550660829,0.614890468,0.250572369,0.085185972,-0.540183653,-0.328349485,1.856605503,-0.338656397,-0.154714831,0.641522811,0.212954846,-0.198601828,0.562473497,0.626676843,2.107813855,-0.788427053,0.073882298,-0.508051837,1.429485926,-0.625789284,0.403571187,1.551777393,2.471720544,-1.05650157,-0.011560897,0.806542437,0.983719104,-0.036110048,-0.655029975,-0.514774886,2.041831205,-1.015472114,-1.705537011,-0.08810271,0.624236196,-0.018938678,-1.000346889,1.025051397,-0.11379387
5,3,0,-0.684389418,0.809322826,-0.634241683,-0.319369041,1.166831033,-1.136119486,1.056931548,0.611413571,1.079690828,-1.499412531,-0.506109552,1.142150039,0.849199845,-1.277845645,-1.928936287,2.420319965,-0.601645851,1.494404729,0.414723761,0.506789933,1.001618683,-1.341388714,-0.565991152,-0.055590656,-1.32569925,0.676211704,-2.680595813,-0.039444219,-2.147350346,0.557993401,-1.598609101,0.405261946,-0.556937295,0.874280048,-0.781520473,0.380457931,0.595671991,-0.174489768,-0.825270434,-0.642278489,-1.400971194,-0.887386205,-2.270654027,0.701601856,1.210203495,-0.239995952,0.030700224,-0.427908846,2.436701003,-0.544010839,-1.292110291,0.81788914,1.489315188,-0.728128655,-1.378148933,1.139409179,-0.905107168,0.685238213,-1.755245221,0.227886751,-0.544080498,-0.584392959,-0.860910563,1.055693526,0.085398575,-0.223316503,0.374442909,-2.124698758,-0.792394492,1.416362048,-2.158085184,-0.086132215,-0.754653152,0.828245692,-0.623139148,0.313165467,-0.142047614,-1.360222861,0.882242147,-0.931426625,-1.143557155,-0.564726336,-2.602626741,0.015203899,-0.78131653,1.310173824,-0.265037201,0.396421185,0.633662671,0.821217563,-1.852524277,1.170044205,1.35212208,0.41802502
5,4,0,0.450176633,-0.747787779,0.125534264,0.822789042,-0.644557808,-0.127355411,0.764688239,0.232936957,0.312870744,0.369657786,1.574596736,0.7472362,0.73242982,0.527998242,-0.518702072,1.234247673,0.459110711,-0.606448448,1.205643859,-1.400674386,-0.823023419,-1.507093561,0.992461269,0.390811392,-0.210645821,-0.461126106,-0.539103912,0.557952751,0.192159634,1.487514547,-0.328383642,0.070934558,0.370362849,0.096127162,-2.128390661,-0.507315363,0.031794783,0.725174682,-0.045663908,-0.305057419,-1.003419353,-0.155212877,0.074387889,-0.503640172,-0.968665127,1.117267796,-0.833173982,-0.169552843,0.065658165,2.144972198,-0.308296922,-0.238991459,1.372875666,-0.624087765,-0.862678824,-0.670421295,0.16679661,0.553568986,-1.67927516,-1.647217125,0.626773689,-1.222351127,0.648530639,0.831943418,-1.011122887,0.133453568,1.007417284,0.249938023,-1.085168104,2.728288416,-1.22255202,1.332547055,0.706962546,-1.846621627,-2.13397798,2.384128677,-2.458088195,-0.921962432,-0.449338629,-0.429412029,0.53165603,0.150742508,-1.204703247,0.770875551,-0.526854633,0.227185924,0.321825788,0.841418172,0.553111165,1.022816373,-1.088055928,-0.540422716,2.001795423,0.839923234
5,5,0,1.311819646,-0.367705347,0.351824912,-0.307399822,-0.431427034,-0.69998327,0.566873118,0.059949105,-0.962423171,2.070349953,0.272765933,0.183875348,1.258391289,0.271485466,0.835241234,1.093691477,1.47460449,0.338065772,1.015725684,-0.09144273,0.020676834,-1.47266984,-0.964418279,-0.517616314,0.380255929,-1.277320197,0.427076465,-0.587007262,1.103038669,-0.607398208,-1.607396234,-0.621305111,0.581996813,0.989304771,0.479839918,1.004846607,2.462207578,-0.532266491,1.878212044,0.073637648,-1.541292165,-0.386497524,-2.541541326,-0.554069419,0.383212739,0.525549636,-1.095597007,1.008806486,0.611089546,2.21659548,0.703208294,0.147500842,0.359964943,1.310177504,-0.019993874,-0.923372554,0.130128861,-0.011313372,-0.032968615,1.128964818,0.678235624,1.612351748,-1.016803696,-1.665836398,0.88288628,0.630429516,0.744361685,0.623299571,-0.491554157,-0.06697009,-0.075235586,0.248438655,0.832019406,-0.29230694,2.045247208,-0.162286066,0.200512668,-1.23445549,-0.591891249,-0.993441633,1.506913949,-0.529138257,-0.445107876,0.601816819,-1.253923013,0.292850096,-0.548305503,-0.543812132,-0.013257719,-0.468651251,-0.369901297,1.046390942,1.682901044,-1.267333353
5,6,0,1.023210955,1.175674819,-0.265038927,-1.349263194,-1.014648452,1.028702919,-0.411245319,-1.285872917,0.062967683,0.55702204,0.583557076,0.096903501,0.12509586,0.378653096,0.663375657,-0.551557214,0.14855773,-0.960385603,0.974551349,-0.185093771,-0.143264907,-1.37678651,-1.325926753,-1.721357743,0.036340641,-2.101644258,-1.152407687,-0.543040545,-0.838114796,-0.142798431,-1.120945278,-0.179227407,1.120932634,-0.487770047,-1.561306645,0.364190274,1.047792079,-0.398842239,-0.199767658,-1.057031322,0.17838015,0.542655,0.794556815,-0.941923291,0.289612656,-0.257320993,-0.003650911,0.456080113,-0.98349266,-0.187984391,0.390531372,1.138754318,1.25769089,0.582096667,1.779181818,0.682557559,0.123157416,1.161196843,1.372191389,-1.438775411,0.52133102,-1.306925866,-1.488552442,0.124305491,0.141587343,0.212910114,-0.257539386,-0.501490627,0.289099499,-1.087048037,0.64355097,-1.736369843,-0.781951475,0.267106022,-0.256505075,-1.178522205,-1.002289229,0.76764262,0.079706344,0.15606391,-0.618414836,1.423087082,-1.12063472,-0.605482865,-0.12428821,0.661672784,0.126058926,-0.067785754,0.036015026,-0.216597822,0.839394148,-0.434801412,1.983369387,-0.898259016
5,7,0,-0.217252805,1.311541567,-1.031250073,0.284066762,1.652951117,-1.732210829,-0.302788259,0.687364958,0.227145745,0.906165338,-0.860440437,-0.865557792,1.306158671,0.239793587,-1.869893978,-0.327280771,0.644727692,0.394261828,-0.312019441,-2.314505624,-0.361276963,-0.068438292,0.598662254,-1.013861436,-0.197320871,-1.266821003,-0.810489546,-0.223443262,-0.242411877,-0.419723023,-1.338181796,1.709104681,-1.729356035,-0.794714346,0.237134422,1.810314306,0.311788697,0.724663339,-1.604022522,-0.687963948,0.209565088,-1.332081276,-0.129787784,-0.405616053,1.253640272,-0.245305812,-1.745693084,0.371803554,-0.450105962,-0.044792999,1.133877069,-0.911300453,-0.756100909,-1.785616057,-1.484637844,-0.907849744,0.10051103,0.048388063,1.436760386,-0.042916423,3.107194862,-0.660704351,-0.353296638,-2.282701248,-2.634184279,0.688057354,0.562683954,-0.816008986,-0.800052541,-0.743896757,-1.024434225,0.377086912,-0.133683069,-0.611358768,1.15901541,-0.715250014,-0.93616624,-0.516892433,-0.226436079,0.298797286,-0.072058334,-0.749282714,0.088922335,1.602277196,-0.333808953,-0.711827021,-0.603389612,-1.821034329,0.180260082,-0.056937679,1.049522595,0.222765133,0.857354626,-0.777482843
